{"cameraMode":{"drawMode":0,"name":"Shaded","section":"Shading Mode"},"sceneLighting":true,"audioPlay":false,"sceneViewState":{"m_AlwaysRefresh":false,"showFog":true,"showSkybox":true,"showFlares":true,"showImageEffects":true,"showParticleSystems":true,"showVisualEffectGraphs":true,"m_FxEnabled":true},"in2DMode":false,"pivot":{"x":9.364330291748047,"y":6.141276836395264,"z":-14.927468299865723},"rotation":{"x":0.04411535710096359,"y":-0.5396386981010437,"z":0.028426047414541246,"w":0.8403292298316956},"size":5.776426315307617,"orthographic":false}