{"cameraMode":{"drawMode":0,"name":"Shaded","section":"Shading Mode"},"sceneLighting":false,"audioPlay":false,"sceneViewState":{"m_AlwaysRefresh":false,"showFog":false,"showSkybox":false,"showFlares":false,"showImageEffects":false,"showParticleSystems":false,"showVisualEffectGraphs":true,"m_FxEnabled":true},"in2DMode":false,"pivot":{"x":-0.005067944526672363,"y":1.050424337387085,"z":0.06958839297294617},"rotation":{"x":0.017640961334109308,"y":-0.42621397972106936,"z":0.008306910283863545,"w":0.9044209718704224},"size":1.437505841255188,"orthographic":false}