{"cameraMode":{"drawMode":0,"name":"Shaded","section":"Shading Mode"},"sceneLighting":false,"audioPlay":false,"sceneViewState":{"m_AlwaysRefresh":false,"showFog":true,"showSkybox":false,"showFlares":true,"showImageEffects":true,"showParticleSystems":true,"showVisualEffectGraphs":true,"m_FxEnabled":true},"in2DMode":false,"pivot":{"x":-1.5453606843948365,"y":1.4818240404129029,"z":0.5533843636512756},"rotation":{"x":0.028814813122153283,"y":0.9610625505447388,"z":-0.11005100607872009,"w":0.25205138325691225},"size":1.172727346420288,"orthographic":false}